genome	coverage	breadth	nucl_diversity	length	true_scaffolds	detected_scaffolds	coverage_median	coverage_std	coverage_SEM	breadth_minCov	breadth_expected	nucl_diversity_rarefied	conANI_reference	popANI_reference	iRep	iRep_GC_corrected	linked_SNV_count	SNV_distance_mean	r2_mean	d_prime_mean	consensus_divergent_sites	population_divergent_sites	SNS_count	SNV_count	filtered_read_pair_count	reads_unfiltered_pairs	reads_mean_PID	reads_unfiltered_reads	divergent_site_count
M5_3.1.filtered.fa	0.0122829734461628	0.0069439378465129		219328.0	1.0	1.0	0	0.1675132067495812	0.0003578500696105	0.0	0.010787261216107		0.0	0.0		False					0.0	0.0	0.0	0.0	12	59	0.8954513602983821	121	0.0
M5_3.10.filtered.fa	0.0148766821690085	0.0081510983574114	0.0	323392.0	20.0	5.0	0	0.1819659453316859	0.0003219799146458	0.000163887789432	0.0130502082090165	0.0	0.2830188679245239	0.2830188679245239		False					38.0	38.0	38.0	0.0	277	1026	0.8447760012267309	2077	38.0
M5_3.100.filtered.fa	0.055927433125123	0.0156125774059562	0.0185117249171228	8916465.0	367.0	44.0	0	0.6701947258981735	0.0002253718251284	0.0036361943886955	0.0481843647998985	0.0	0.2524828819937075	0.2601936956387633		False	293.0	29.43344709897611	0.2506598671050363	0.9507874909967604	24236.0	23986.0	23454.0	1047.0	7082	28186	0.8904546388550051	57858	24501.0
M5_3.101.filtered.fa	0.1545635087584129	0.0179552788205465	0.0089072861862844	1972846.0	91.0	11.0	0	1.7722456490690393	0.0012676225967528	0.0086945458489917	0.1275758634804491	0.0047534476530582	0.2509182067276858	0.2569812860724068		False	319.0	28.821316614420063	0.3147813059529248	0.9856198687310922	12849.0	12745.0	12598.0	344.0	37841	43634	0.9108333626941216	92184	12942.0
M5_3.102.filtered.fa	0.1289527891306246	0.0113763633017198	0.0192368117288973	3515271.0	22.0	6.0	0	1.4135866617371955	0.0007544232501859	0.0093457943925233	0.1076218603004963	0.000781643582707	0.2642376647490331	0.2740084619365046		False	392.0	40.64795918367347	0.2575889762731108	0.9377188294259644	24172.0	23851.0	23222.0	1288.0	2297	6588	0.9011505168956014	13528	24510.0
M5_3.103.filtered.fa	0.0539281548591695	0.0125092822884346	0.0094839382264646	2189654.0	103.0	6.0	0	0.8577424341279061	0.0005824006003553	0.0025752927174795	0.0465025809293376	0.0	0.2567831175740374	0.2619258733818047		False	21.0	24.476190476190474	0.954592363261094	1.0	4191.0	4162.0	4116.0	102.0	1915	9855	0.8647024345156608	20389	4218.0
M5_3.104.filtered.fa	0.0153147440280292	0.0032668856005507	0.0029393758287956	3387324.0	81.0	7.0	0	0.4316901773861837	0.0002351174525406	0.0008750270124735	0.0134318950728402	0.0	0.2412280701754376	0.2419028340080962		False					2249.0	2247.0	2238.0	13.0	327	993	0.8969877210178638	2104	2251.0
M5_3.105.filtered.fa	0.0968398828391006	0.0225493708481584	0.0128960416619955	1828255.0	116.0	11.0	0	0.9068230078244284	0.0006749590597019	0.0076789069358486	0.081955685404522	0.0	0.2436070945224016	0.2483795142104136		False	10.0	19.5	0.6349033094098884	1.0	10619.0	10552.0	10379.0	308.0	2261	4473	0.9224663089470762	9255	10687.0
M5_3.106.filtered.fa	0.3813216525838323	0.0355116603407073	0.0153489187509737	69561518.0	3641.0	640.0	0	5.40449481279103	0.0006514120008506	0.0117017860363541	0.2858819678935934	0.0043268616841558	0.2484023223758402	0.255963803172996		False	63244.0	103.07287647840111	0.2200643013304046	0.9330215654968134	611796.0	605641.0	593398.0	24647.0	320489	555274	0.876033516839323	1146495	618045.0
M5_3.107.filtered.fa	0.1004003204440237	0.0175716395309694	0.0250472776177856	852567.0	69.0	5.0	0	0.9356615521188262	0.0010216411449404	0.0091206908078778	0.0848373619071259	0.0	0.2528292181069957	0.262602880658436		False	1.0	1.0	0.052631578947368	1.0	5810.0	5734.0	5560.0	346.0	1049	1858	0.895899082318266	3955	5906.0
M5_3.108.filtered.fa	0.2607717000258584	0.0392352225551959	0.0277169653174975	5185927.0	77.0	22.0	0	1.788107360343624	0.0007863687160213	0.0201217641513272	0.2056740702726555	0.0	0.2504264494489695	0.2642357450886436		False	1386.0	26.501443001443	0.2400295251017316	0.9598505659633604	78218.0	76777.0	74205.0	5429.0	6904	19348	0.9072171805019704	39805	79634.0
M5_3.109.filtered.fa	0.2202850464277596	0.0056194212899351	0.020385359208699	4716144.0	74.0	8.0	0	4.210706569775116	0.0019419766742998	0.0041665394440882	0.1767634503709391	0.0215610179654437	0.2530279898218827	0.2673282442748089		False	19516.0	121.55564664890346	0.1236464391590308	0.9299545246280342	14678.0	14397.0	13828.0	1167.0	4600	9374	-0.0882631973546398	23361	14995.0
M5_3.11.filtered.fa	0.0054629245730213	0.0026885157817103	0.0186321185346235	1548438.0	111.0	5.0	0	0.1289852783309224	0.0001044068892216	0.0001840564491442	0.004812146740704	0.0	0.2491228070175411	0.2491228070175411		False					214.0	214.0	206.0	10.0	103	447	0.8593632865339945	921	216.0
M5_3.110.filtered.fa	0.0615369765706861	0.0114199377789697	0.0234380038050033	10484558.0	488.0	32.0	0	1.07767181383038	0.0003343815890525	0.0035961458747235	0.0528872666870174	0.0048502103571723	0.2497082537661783	0.2605824315722467		False	5815.0	106.67067927773	0.1139582477155909	0.9418339352973992	28289.0	27879.0	27035.0	1687.0	4683	10206	0.9003324486444355	21284	28722.0
M5_3.111.filtered.fa	0.0255115380345048	0.0107303899973854	0.0118359810394512	3908898.0	107.0	17.0	0	0.320151441076952	0.0001623754724013	0.0012607133775299	0.0222748567660698	0.0	0.2424918831168808	0.2471590909090887		False	3.0	12.666666666666666	0.2130034634936596	0.7232905982905984	3733.0	3710.0	3658.0	97.0	11247	18826	0.9036077157135872	38899	3755.0
M5_3.112.filtered.fa	0.2455568944857446	0.0195242803438262	0.0157963795196691	13591282.0	634.0	50.0	0	4.187264953840853	0.0011411313408765	0.00626820928298	0.1949305546999453	0.0090624993334944	0.2477081450353897	0.2556430692662537		False	6211.0	71.9640959587828	0.2925040668866279	0.9491943948953008	64090.0	63414.0	61945.0	2783.0	137579	200299	0.8920714337292899	409850	64728.0
M5_3.113.filtered.fa	0.0787207379468378	0.0182173695005132	0.014402530561873	18901741.0	864.0	93.0	0	0.9859874137158536	0.000227832025905	0.0048836242121823	0.0671495791380311	0.0019459990024602	0.2527814189298981	0.2592379941284161		False	1031.0	68.84966052376333	0.2482954421956829	0.9794954241015472	68975.0	68379.0	67145.0	2489.0	18901	45252	0.8831328405980602	93332	69634.0
M5_3.114.filtered.fa	0.2470872123760208	0.0479567225933028	0.0264065348144087	837943.0	53.0	4.0	0	1.774631514399711	0.0019510376653404	0.0149699919922954	0.19601768678024	0.0	0.2515146683673467	0.2623565051020406		False	294.0	21.568027210884352	0.1214235898453612	0.8792700844377099	9389.0	9253.0	8940.0	619.0	941	2466	0.913747845358477	5023	9559.0
M5_3.115.filtered.fa	0.1422097552864078	0.0245018904854199	0.0177856101970163	3668370.0	115.0	19.0	0	3.475367796661949	0.0018202457450559	0.0077001502029511	0.1180070479831711	0.0001557762388668	0.2495840266222957	0.2557793748008633		False					21197.0	21022.0	20667.0	714.0	3821	9443	0.9003617417003036	19909	21381.0
M5_3.116.filtered.fa	0.0457432366271972	0.0108160555309243	0.017678851351318	6403351.0	296.0	23.0	0	0.6737290881116443	0.0002674844729133	0.002971100600295	0.0395864230238613	0.0077036869579061	0.2525624178712216	0.2616031537450718		False	1226.0	56.69004893964111	0.0974115966398159	0.961915667074855	14220.0	14048.0	13753.0	648.0	6782	15431	0.8278902173000743	32106	14401.0
M5_3.117.filtered.fa	0.027965541695176	0.0086423456613342	0.0137588409702627	5293586.0	80.0	11.0	0	0.4153859560326772	0.0001808148897196	0.0020354821854221	0.0243911811961048	0.0	0.254941995359628	0.2609744779582359		False					8028.0	7963.0	7853.0	242.0	673	1578	0.900160850028587	3301	8095.0
M5_3.118.filtered.fa	0.0399533686437822	0.0202900308629496	0.0100662250392484	296796.0	22.0	3.0	0	0.3292812043784205	0.0006089504708863	0.0010175339290286	0.0346637806707548	0.0	0.2615894039735084	0.2615894039735084		False					223.0	223.0	222.0	1.0	52	246	0.8766574263773039	495	223.0
M5_3.119.filtered.fa	0.4365015636466825	0.0318621245447413	0.0164963484829361	17133666.0	649.0	104.0	0	5.266334104210954	0.0012771284624096	0.0125743083821057	0.3198424936853284	0.0068735313226921	0.2526039249178438	0.2612511836022351		False	18514.0	81.10219293507616	0.3062016039899083	0.9590751278477474	161022.0	159159.0	155412.0	7655.0	65983	106535	0.867417411614351	220448	163067.0
M5_3.12.filtered.fa	0.0057415308520948	0.0029532010649793	0.0	897670.0	51.0	4.0	0	0.1359608486739874	0.0001443235726122	0.0002406229460714	0.0050569421398486	0.0	0.2731481481481431	0.2731481481481431		False					157.0	157.0	157.0	0.0	137	250	0.8862960117047207	542	157.0
M5_3.121.filtered.fa	0.0064239141877841	0.0030788745954175	0.0157237659863718	3866023.0	142.0	8.0	0	0.1549908707328363	7.911794903070196e-05	0.0002687516344315	0.0056562590169908	0.0	0.2656400384985544	0.277189605389796		False					763.0	751.0	743.0	26.0	293	2200	0.8749300331424807	4534	769.0
M5_3.122.filtered.fa	0.0333531092729089	0.0092401863922763	0.0083837123374512	5149355.0	188.0	14.0	0	0.4839970919709846	0.0002140709712611	0.0023649563877417	0.0290213470033929	0.0	0.2477418295286575	0.2506979799638686		False					9161.0	9125.0	9047.0	153.0	3132	14055	0.8813076726463698	29118	9200.0
M5_3.123.filtered.fa	0.7887341305888723	0.0213069453392249	0.0054487108896666	681421.0	50.0	7.0	0	7.591692142069554	0.009264915259272	0.0121657536236775	0.5016498005310381	0.0056497327533298	0.2515078407720143	0.2550060313630879		False	337.0	79.7299703264095	0.2384160255212952	0.9462161302405948	6205.0	6176.0	6122.0	119.0	23526	33029	0.8203121219495773	67351	6241.0
M5_3.125.filtered.fa	0.0701222713974945	0.0056619908483984	0.0405770776677428	333275.0	5.0	1.0	0	1.2734697258066847	0.0022092275230352	0.0036156327357287	0.0600400073589451	0.0	0.2431535269709543	0.2672199170124481		False	279.0	32.44086021505376	0.219491903073849	0.9511600959174192	912.0	883.0	833.0	106.0	405	4903	0.8919793807236657	10080	939.0
M5_3.126.filtered.fa	0.1096848001653357	0.021372934624523	0.0236826297141738	5583791.0	166.0	33.0	0	1.189906606209013	0.000505060380079	0.0073632770280979	0.0923093738570324	0.0104018079192089	0.2484494709959864	0.2600267542259512		False	2281.0	33.99824638316528	0.1564986428147279	0.9162541244817204	30900.0	30424.0	29530.0	1842.0	25456	39829	0.8480325345099309	83075	31372.0
M5_3.127.filtered.fa	0.014506919602621	0.0077574191189724	0.007552219878516	787762.0	58.0	4.0	0	0.1981353734473602	0.0002248982672501	0.0005039593176619	0.0127279161490222	0.0	0.312342569269521	0.312342569269521		False					273.0	273.0	273.0	0.0	391	1395	0.885791220136891	2843	273.0
M5_3.128.filtered.fa	0.0042342335506097	0.0015075287910175	0.0305096072361881	395349.0	38.0	1.0	0	0.1325879196973034	0.000212926234263	0.0003364116261834	0.0037318475095484	0.0	0.210526315789473	0.2180451127819542		False					105.0	104.0	103.0	3.0	29	105	0.9151410415095308	217	106.0
M5_3.13.filtered.fa	0.0324275399304492	0.0171903391110838	0.0144628148667419	440829.0	32.0	2.0	0	0.2921962371541285	0.0004433183564149	0.0007168312429536	0.0282274634070814	0.0	0.2341772151898699	0.2436708860759459		False					242.0	239.0	236.0	6.0	213	947	0.8833123857490818	1907	242.0
M5_3.130.filtered.fa	0.0024147966423743	0.0012555018399595		207885.0	14.0	1.0	0	0.0692244106131562	0.0001528598316962	0.0	0.0021299937721565		0.0	0.0		False					0.0	0.0	0.0	0.0	16	367	0.8902078748511976	737	0.0
M5_3.131.filtered.fa	0.0602536131753308	0.0126362188278132	0.0175040191976598	4320438.0	124.0	13.0	0	1.2895795945648605	0.0006222062443531	0.0024018398134633	0.0518133808278428	0.0032091340784283	0.2529632841861791	0.2610581092801369		False	244.0	22.92622950819672	0.4915204418699218	0.966040271367894	7752.0	7668.0	7500.0	350.0	2339	7109	0.8755543864393468	14838	7850.0
M5_3.132.filtered.fa	0.2673800688627519	0.0249274843395107	0.0174807291710855	5529840.0	285.0	40.0	0	5.817440106701681	0.0024867125409459	0.0102668431636358	0.2102956158318265	0.0009931705717258	0.2525275654348818	0.2614224821220978		False	1413.0	60.45718329794763	0.3659519414300254	0.9483598264813417	42437.0	41932.0	40921.0	2061.0	18165	24195	0.9041990714456268	51603	42982.0
M5_3.133.filtered.fa	0.0951310693025184	0.0242733683602741	0.0116699177082285	3514057.0	123.0	16.0	0	0.839881084475448	0.0004496130799832	0.0069939104573431	0.0805694189456529	0.0	0.2587378443259956	0.263498392806282		False					18218.0	18101.0	17887.0	436.0	2827	5839	0.903167399878154	12221	18323.0
M5_3.134.filtered.fa	0.0069494198865876	0.0051665916879106	0.0	720204.0	65.0	4.0	0	0.1087356084198089	0.0001293003622806	6.942477409177416e-06	0.0061175488905658	0.0	0.1999999999998738	0.1999999999998738		False					4.0	4.0	4.0	0.0	90	653	0.842213211518243	1323	4.0
M5_3.135.filtered.fa	0.0496669223104181	0.010297223082881	0.0172731430570076	18403214.0	856.0	63.0	0	0.7563994492745648	0.0001771470371728	0.003320017905568	0.0429081282519174	0.0013031751989555	0.252491857477209	0.2614118070672186		False	1018.0	24.06581532416503	0.3199663287088481	0.9697991920728388	45672.0	45127.0	44112.0	2057.0	13093	41196	0.8652564503364101	84952	46169.0
M5_3.136.filtered.fa	0.0066492053066271	0.003469514311173	0.0101096825422466	3705706.0	184.0	7.0	0	0.1415488859837584	7.389894229426378e-05	0.0002396304509855	0.0058540461899257	0.0	0.2421171171171137	0.2432432432432398		False					673.0	672.0	664.0	12.0	542	1862	0.8990258169731927	3781	676.0
M5_3.137.filtered.fa	0.0775703917650237	0.0179151822023655	0.0261547040151741	8985284.0	244.0	36.0	0	0.7820252466480847	0.0002615998298265	0.0063557256509643	0.0662015496241409	0.0	0.2526090915458422	0.2633431393149814		False	30.0	11.766666666666667	0.1576948914790892	0.9208744588744588	42682.0	42069.0	40814.0	2475.0	7133	14719	0.888603034540941	30553	43289.0
M5_3.138.filtered.fa	0.0316702137951049	0.0157655751185063	0.0130473882970163	330784.0	8.0	1.0	0	0.3005061298544346	0.0005237627834832	0.0007134565154299	0.0275774033405129	0.0	0.2415254237287998	0.2415254237287998		False					179.0	179.0	176.0	5.0	50	180	0.8986149462963009	368	181.0
M5_3.14.filtered.fa	0.1666988586393286	0.0128352826634951	0.0184542200069373	1019923.0	58.0	2.0	0	1.8180260511017865	0.0018105081353677	0.0094595376317623	0.1368744280586145	0.0	0.2604684908789386	0.2712479270315091		False	556.0	21.16187050359712	0.3442263392689024	0.9730991656804204	7135.0	7031.0	6813.0	438.0	796	2011	0.9221763513030056	4110	7251.0
M5_3.140.filtered.fa	0.1513179383483148	0.0167719871941315	0.0373473137322038	1588959.0	106.0	5.0	0	1.9872102446747728	0.0015871000474585	0.0073098173080614	0.1250720506032955	0.0474140038699211	0.2613861386138613	0.2834266035299181		False	3151.0	38.37384957156458	0.1632131304748726	0.9238530768532568	8579.0	8323.0	7867.0	981.0	2603	14526	0.8974815252026414	29546	8848.0
M5_3.141.filtered.fa	0.0540412724206484	0.0202257133882426	0.0192923254895634	4004902.0	154.0	17.0	0	0.5749670514747266	0.0002884187617393	0.0025955691300311	0.0465978141716566	0.0	0.2523328523328513	0.2607022607022596		False	78.0	24.23076923076923	0.2007282010937592	0.9121602522287454	7772.0	7685.0	7523.0	328.0	2770	11277	0.8879002581610109	23379	7851.0
M5_3.142.filtered.fa	0.0760541415464076	0.0190675268934537	0.0094749069968489	1759536.0	44.0	4.0	0	0.661977598146902	0.0005003029754595	0.0064193059988542	0.0649504972576531	0.0	0.2383355467020788	0.2423196104470987		False					8603.0	8558.0	8468.0	170.0	586	1993	0.8963140764070779	4055	8638.0
M5_3.143.filtered.fa	0.0526282824651836	0.0127307664560226	0.0169053430798358	20819642.0	820.0	64.0	0	0.6966170032693395	0.0001532762025881	0.0038542929796775	0.0454075403617442	0.0019485739383356	0.2527634120505945	0.2602529752632557		False	719.0	56.5980528511822	0.2307639692637073	0.9701244237006468	59962.0	59361.0	58302.0	2228.0	36037	65929	0.8674508671029052	137308	60530.0
M5_3.144.filtered.fa	0.0887273593758848	0.0197181707573012	0.0250335381346094	5103161.0	231.0	14.0	0	1.0212352840851129	0.0004541308989863	0.0059033998731374	0.0753557946502663	0.0100688479524414	0.2503153422293034	0.2621655712673436		False	1125.0	31.52	0.1959362423210088	0.9099016588973664	22585.0	22228.0	21612.0	1315.0	8128	18535	0.8935340737196921	38716	22927.0
M5_3.145.filtered.fa	0.0636015908589975	0.0177869583111459	0.0204349990400224	2563395.0	33.0	6.0	0	0.6604058118505003	0.0004130123301317	0.0048150987264935	0.0546123318169048	0.0	0.2526938345620982	0.261119662966862		False	17.0	11.470588235294118	0.327491197939765	1.0	9224.0	9120.0	8916.0	414.0	788	3426	0.8934341697575605	7090	9330.0
M5_3.146.filtered.fa	0.0052124539384984	0.0031302618253998	0.0048782484087934	4947190.0	84.0	4.0	0	0.110836152146733	4.99161231208651e-05	0.0001097592774888	0.0045920211103905	0.0	0.2357274401473248	0.2375690607734758		False					415.0	414.0	411.0	5.0	114	704	0.8567784894848689	1433	416.0
M5_3.147.filtered.fa	0.053632101815214	0.0114416002406711	0.0218124551229224	7199867.0	311.0	19.0	0	0.8287907003122498	0.0003102178320358	0.0033574231301772	0.0462532899734187	0.0036128586287607	0.2496173416621845	0.2591320895213662		False	347.0	25.792507204610956	0.2514928033563816	0.9548629722788544	18139.0	17909.0	17411.0	992.0	4452	15506	0.8890500302018015	31664	18403.0
M5_3.148.filtered.fa	0.0084723088770101	0.0036861541574625	0.0269758602511236	1779090.0	69.0	4.0	0	0.1931613643337188	0.0001453825749898	0.0005289220893827	0.0074531353438148	0.0	0.2507970244420818	0.2678002125398501		False					705.0	689.0	673.0	38.0	132	295	0.8979483186861734	628	711.0
M5_3.149.filtered.fa	0.2240491951405352	0.0199796247671435	0.0154435457792983	5295645.0	111.0	22.0	0	3.943778042148247	0.0017173756281757	0.0047304908089571	0.1794951351238293	0.0044625432554289	0.2498503053770304	0.258831982755179		False	1914.0	69.10501567398119	0.3000337758544806	0.95806648294975	18792.0	18567.0	18133.0	886.0	76827	103703	0.8758358125504903	211876	19019.0
M5_3.15.filtered.fa	0.0224584558983697	0.0101246001972792	0.0064360562214213	3971021.0	146.0	13.0	0	0.2732386624057169	0.0001376238668975	0.0007859439675589	0.0196354792791835	0.0	0.245113745594359	0.2463953860941988		False					2356.0	2352.0	2333.0	30.0	1051	4150	0.9117691435937444	8473	2363.0
M5_3.150.filtered.fa	0.0969123162634417	0.026297706918836	0.011814149066403	1308327.0	80.0	3.0	0	0.7093283020242985	0.000623966462543	0.0079185096692187	0.0820144004603071	0.0	0.2555984555984554	0.259169884169884		False					7712.0	7675.0	7592.0	175.0	1529	4073	0.8975285217175667	8675	7767.0
M5_3.152.filtered.fa	0.0761163266381612	0.0156764766437093	0.0169088159706555	6110174.0	221.0	23.0	0	0.9392487170847686	0.0003813558159524	0.0050023125364351	0.0650018388889149	0.0	0.2532962538851621	0.2604613119581213		False	236.0	23.203389830508478	0.3282520182565623	0.9733664633574864	22823.0	22604.0	22115.0	964.0	3977	9324	0.8987383577141738	19428	23079.0
M5_3.153.filtered.fa	0.0158309998238347	0.0069547497078769	0.0162966095175032	3309393.0	176.0	6.0	0	0.2352651373942384	0.0001300186058113	0.0007079848177596	0.0138815234690092	0.0	0.2663252240717011	0.2727272727272709		False					1719.0	1704.0	1677.0	56.0	425	1836	0.904113123435303	3726	1733.0
M5_3.154.filtered.fa	0.4957530315813461	0.0407648155925264	0.0144547958156758	6117187.0	153.0	37.0	0	5.438829854483132	0.0022045430872332	0.0129340495884791	0.3545128183349438	0.0084090457470339	0.2535136501516679	0.2613372093023252		False	9698.0	86.83553309960817	0.2970836773265318	0.9496759316187848	59062.0	58443.0	57133.0	2615.0	43275	67178	0.8839907668649163	140467	59748.0
M5_3.155.filtered.fa	0.3763332564433282	0.0354614537409153	0.0281664991114964	307799.0	19.0	3.0	0	2.287898042675301	0.0041495528814527	0.0292138700905461	0.2827295159934097	0.0	0.2533362989323843	0.267682384341637		False	72.0	15.680555555555555	0.3956421452688085	0.9824102829537614	6714.0	6585.0	6338.0	524.0	505	777	0.8877976133237588	1574	6862.0
M5_3.156.filtered.fa	0.0362137679488412	0.0144409356786793	0.0203689064119363	6071144.0	250.0	35.0	0	0.4010073204858641	0.0001634228687905	0.0019197370380277	0.0314709067564181	0.0	0.2494208494208483	0.2574860574860564		False					8748.0	8654.0	8471.0	369.0	1964	10517	0.8894443793221645	21630	8840.0
M5_3.157.filtered.fa	0.0563739783810654	0.0154131308433981	0.0146786054503651	8887487.0	417.0	36.0	0	0.6612188185557176	0.000222845088755	0.0041982621184143	0.0485595912111792	0.0	0.2528677101200683	0.2589247427101198		False	104.0	19.298076923076923	0.4750527530405543	0.9918617614269788	27877.0	27651.0	27225.0	865.0	3974	10367	0.9006105112368361	21182	28090.0
M5_3.158.filtered.fa	0.5268605250293958	0.0498060095211671	0.0117531973369744	1135365.0	39.0	4.0	0	2.949864280519797	0.0027779948373451	0.0336490908210134	0.3720017151203053	0.0	0.261386242278295	0.267903884410009		False	321.0	26.74454828660436	0.3649489927215256	0.984806189037314	28218.0	27969.0	27509.0	946.0	2576	4793	0.900598007085302	9761	28455.0
M5_3.159.filtered.fa	0.0096249747596815	0.0061769942910988	0.0038400001525878	326858.0	26.0	2.0	0	0.1592871120430475	0.0002808562771429	0.0003824290670566	0.0084628395597922	0.0	0.2639999999999938	0.2639999999999938		False					92.0	92.0	91.0	1.0	13	232	0.8742367103030282	478	92.0
M5_3.160.filtered.fa	0.0082135152243279	0.0021659841448238	0.0194294344745837	2322270.0	107.0	5.0	0	0.2261956103951106	0.0001491208004585	0.0006730483535506	0.0072262977833117	0.0	0.2680742162507993	0.2738323736404346		False					1144.0	1135.0	1109.0	52.0	17393	25729	0.8859540902602209	52267	1161.0
M5_3.161.filtered.fa	0.0369572403620108	0.0090900937857054	0.0098035958501789	6177274.0	292.0	14.0	0	0.6088318067970222	0.0002461283346892	0.0023840613189571	0.0321065240233308	0.0	0.2373192096149926	0.2426835064846877		False	21.0	15.142857142857142	0.7609775759156564	1.0	11232.0	11153.0	11020.0	288.0	1335	3846	0.881180752949549	7841	11308.0
M5_3.162.filtered.fa	0.0146544808617923	0.0084374283749713	0.0	279232.0	24.0	1.0	0	0.1714491009739912	0.0003272793681821	3.581251432498997e-06	0.0128565459565801	0.0	-4.399813846591431e-13	-4.399813846591431e-13		False					1.0	1.0	1.0	0.0	50	63	0.961196542701836	132	1.0
M5_3.163.filtered.fa	0.0083710916812593	0.0047450728145982	0.0297615646257908	1971308.0	98.0	5.0	0	0.1496789530423055	0.0001071404403158	0.0001714597617419	0.0073644227180503	0.0	0.2307692307692296	0.2396449704142		False					260.0	257.0	250.0	14.0	75	455	0.8816572871377085	914	264.0
M5_3.164.filtered.fa	0.0511946642946381	0.0187736253529472	0.0092258829442314	4121367.0	234.0	33.0	0	0.6702627644799566	0.0003320507113607	0.001836283932006	0.0441983710612515	0.0	0.2433932346723029	0.246168076109935		False	32.0	11.3125	0.8229701385929405	1.0	5726.0	5705.0	5651.0	105.0	5899	19795	0.8929617933288103	41043	5756.0
M5_3.165.filtered.fa	0.1247162668436297	0.0299472872499597	0.0163495443559544	1781163.0	101.0	7.0	0	0.9192250635006968	0.0006927026755336	0.01036401497224	0.1042773565270085	0.0	0.2486457204767061	0.2549295774647884		False					13870.0	13754.0	13504.0	490.0	3461	5489	0.851144393651036	11525	13994.0
M5_3.166.filtered.fa	0.0078244855501951	0.0041039547241417	0.0094784581577861	2198611.0	79.0	5.0	0	0.1417438402062094	9.593922974484417e-05	0.0001951231936891	0.0068852083287331	0.0	0.2400932400932394	0.2400932400932394		False					326.0	326.0	322.0	7.0	133	738	0.8946354919996329	1490	329.0
M5_3.168.filtered.fa	0.0166645262862497	0.0091884153099033	0.0088375503867371	1051215.0	57.0	5.0	0	0.2002982837453289	0.0001964261922346	0.0002882378961487	0.0146070434548695	0.0	0.2508250825082488	0.2508250825082488		False					227.0	227.0	226.0	1.0	147	401	0.9073522111139978	840	227.0
M5_3.169.filtered.fa	0.1861301474533562	0.025989418133163	0.029736926712492	588932.0	34.0	2.0	0	1.614704919994654	0.0021163271572826	0.0124785204403904	0.1515574634746941	0.0	0.2460198666485234	0.2611239624438697		False	285.0	21.69122807017544	0.2789298437047508	0.9791423508265612	5541.0	5430.0	5206.0	441.0	553	996	0.8959169291195002	2330	5647.0
M5_3.17.filtered.fa	0.1841539874984865	0.0074971096481961	0.036649401476778	421229.0	18.0	3.0	0	4.081538352616964	0.0063158103055453	0.0030957032872855	0.150075681874418	0.0376312504988163	0.2384969325153368	0.2630368098159504		False	3120.0	125.58141025641024	0.095806925261447	0.9554374757883652	993.0	961.0	886.0	154.0	628	3230	0.9297424100934234	6631	1040.0
M5_3.171.filtered.fa	1.5948339913752887	0.0351883668801984	0.0106027548528934	3515480.0	73.0	6.0	0	11.37473853435906	0.0060792901570177	0.0251831897777828	0.7554262585175253	0.0082349914327837	0.2563282917847984	0.2637720120635708		False	8827.0	83.12473093916392	0.3412520671645995	0.9761856301535732	65838.0	65179.0	63936.0	2586.0	31909	40929	0.909863185325466	83592	66522.0
M5_3.172.filtered.fa	0.0586433028689337	0.0207691625727964	0.014533878399022	5628537.0	219.0	23.0	0	0.5266422444736597	0.0002228508879847	0.0036888804319843	0.0504641914992405	0.0	0.251456918557048	0.2570437798006063		False	5.0	7.2	0.0443213732861563	1.0	15542.0	15426.0	15204.0	456.0	2765	6703	0.8898773162767758	13829	15660.0
M5_3.173.filtered.fa	0.00294980081543	0.0015823782988119	0.0	1711980.0	86.0	5.0	0	0.0856850963925405	6.581861701360999e-05	5.607542144183832e-05	0.0026012848996325	0.0	0.2499999999999872	0.2499999999999872		False					72.0	72.0	72.0	0.0	37	582	0.8881809550238207	1176	72.0
M5_3.174.filtered.fa	0.0644364551666324	0.0091784596962419	0.0264027917837545	9132796.0	604.0	37.0	0	1.416552605019089	0.0004718698575458	0.0030522963613771	0.0553090007801182	0.0229345804872423	0.2542689051513843	0.2676495910460607		False	7853.0	102.7145040112059	0.127053750875452	0.9454969914056542	20788.0	20415.0	19625.0	1590.0	5421	23477	0.8828036050172373	48739	21215.0
M5_3.175.filtered.fa	0.0015627665116193	0.0015627665116193		216923.0	20.0	1.0	0	0.0398696625405815	8.64036902500368e-05	0.0	0.0013789711740392		0.0	0.0		False					0.0	0.0	0.0	0.0	14	110	0.3742344731866393	233	0.0
M5_3.176.filtered.fa	0.0201172661611199	0.0022476144806392	0.0500170289594229	2552484.0	131.0	6.0	0	0.9017273490452418	0.0005673280309884	0.0005332060847394	0.0176067042981474	0.0435168984622538	0.2358559882439366	0.2747979426891975		False	2956.0	61.18369418132612	0.0774209659147674	0.899407838014967	1040.0	987.0	893.0	201.0	607	1773	0.914817477163553	3689	1094.0
M5_3.177.filtered.fa	0.0006862636907882	0.0006862636907882		289976.0	22.0	1.0	0	0.0263884764065398	4.938035676538295e-05	0.0	0.000605787275717		0.0	0.0		False					0.0	0.0	0.0	0.0	1	53	0.8587637203251602	106	0.0
M5_3.178.filtered.fa	0.1299631866599996	0.0190108460599505	0.0276470235659591	1545907.0	97.0	5.0	0	1.1740753708021556	0.0009502693459444	0.0114579984436321	0.1084176680829187	0.0	0.2519618359397053	0.2638175351436798		False	17.0	8.176470588235293	0.3505000889706858	1.0	13250.0	13040.0	12612.0	866.0	1073	2222	0.8960376214849324	4573	13478.0
M5_3.179.filtered.fa	0.153680607467443	0.0256127788488019	0.0266754019749227	254170.0	23.0	3.0	0	1.411686011756223	0.0028258089215589	0.0118975488846047	0.1268954548289655	0.0	0.2453703703703703	0.2589285714285714		False	27.0	19.925925925925927	0.3568777650504476	0.9685	2282.0	2241.0	2166.0	155.0	412	1350	0.9104354545068012	2817	2321.0
M5_3.180.filtered.fa	0.015896072493368	0.0100867823242638		1022328.0	65.0	3.0	0	0.1759187332325493	0.0001751040308578	0.0	0.0139381833875977		0.0	0.0		False					0.0	0.0	0.0	0.0	184	900	0.9184543219394464	1816	0.0
M5_3.181.filtered.fa	0.0391673394072194	0.0077049936570176	0.0108996369706151	867100.0	49.0	3.0	0	0.6436445154113066	0.0006951522204907	0.0028208972436858	0.0339935431638602	0.0	0.2461161079313164	0.2522485690923957		False	3.0	6.666666666666667	0.6820075757575758	1.0	1844.0	1829.0	1799.0	54.0	1359	1811	0.8980249552106377	4190	1853.0
M5_3.182.filtered.fa	0.0105184231373515	0.0071814070311816	0.0	754866.0	39.0	6.0	0	0.136931246629967	0.0001584248727354	1.324738430396918e-06	0.0092447695382343	0.0	-1.1102230246251568e-16	-1.1102230246251568e-16		False					1.0	1.0	1.0	0.0	170	603	0.9005395990528327	1224	1.0
M5_3.183.filtered.fa	0.1131600870606197	0.0201056586820936	0.0174659045728492	4647796.0	158.0	20.0	0	2.686430304896495	0.0012503554886401	0.0024730001058566	0.0950905150142428	0.0030197700178183	0.254393596659125	0.264833826344178		False	543.0	115.23204419889504	0.2662647715727024	0.9484931175270752	8570.0	8450.0	8267.0	413.0	15347	23359	0.8615135662449362	48206	8680.0
M5_3.184.filtered.fa	0.0903953766830388	0.0206286806930088	0.0162874139956573	1309536.0	66.0	6.0	0	0.7901403017904505	0.000693977820321	0.0082884319331427	0.0767166630210454	0.0	0.2479270315091209	0.2532706836189422		False					8163.0	8105.0	7970.0	256.0	1091	2239	0.9117011814649796	4726	8226.0
M5_3.185.filtered.fa	0.0089626986271903	0.0043903434506113	0.0	181307.0	15.0	1.0	0	0.1528936986577868	0.0003620817270482	5.515506847501751e-06	0.0078828291417013	0.0	1.0	1.0		False					0.0	0.0	0.0	0.0	9	17	0.9569910289523278	34	0.0
M5_3.186.filtered.fa	0.0100510621246825	0.0060343193792405	0.0179591835761556	923385.0	65.0	5.0	0	0.147301579899552	0.0001543814432813	0.0001061312453635	0.008835820516762	0.0	0.1836734693877544	0.1836734693877544		False					80.0	80.0	80.0	1.0	66	922	0.8273963900912205	1900	81.0
M5_3.187.filtered.fa	0.0025611414261168	0.0017857828739991		1952645.0	85.0	3.0	0	0.0676012774567111	4.85894697847869e-05	0.0	0.0022589326421227		0.0	0.0		False					0.0	0.0	0.0	0.0	46	376	0.8647666449554151	770	0.0
M5_3.188.filtered.fa	0.1555712720489502	0.0466062670464187	0.0277499784511757	1408287.0	81.0	16.0	0	1.0998150691172277	0.000932151779402	0.0093979423228361	0.128351849139282	0.0	0.2510766905931241	0.2633925198337739		False	8.0	12.375	0.1541951952845916	0.6718042986425339	9912.0	9749.0	9403.0	699.0	1521	8144	0.8464004686351538	16574	10102.0
M5_3.189.filtered.fa	0.0617019609987592	0.0185551111074983	0.0144428302393265	2706478.0	138.0	11.0	0	0.6167236649841213	0.000376802891464	0.0044426742061084	0.0530252332040752	0.0	0.2618928809048566	0.267964071856287		False	13.0	17.384615384615383	0.1914309984411708	0.9126131221719456	8875.0	8802.0	8679.0	266.0	1777	6412	0.8776030295242565	13127	8945.0
M5_3.19.filtered.fa	0.0707864927945867	0.0200338322519859	0.0154940929523733	233505.0	4.0	2.0	0	0.6210432403693376	0.0012874190018666	0.0049720562728849	0.0605911393010379	0.0	0.2360034453057686	0.2437553832902647		False					887.0	878.0	868.0	27.0	72	219	0.9010696507668328	453	895.0
M5_3.190.filtered.fa	0.0151674305815991	0.0073495347783515	0.0044978645864439	1178578.0	71.0	5.0	0	0.2157836647394021	0.0001999731812181	0.0005532090366526	0.0133035561438032	0.0	0.2407975460122686	0.2423312883435569		False					495.0	494.0	490.0	5.0	205	699	0.9013824656607656	1442	495.0
M5_3.191.filtered.fa	0.0589603079255112	0.012517127398086	0.0258565297111086	3495131.0	50.0	7.0	0	0.7474541360998901	0.0004003824734469	0.0046541889273964	0.05072994406071	0.0	0.249154730435851	0.2599127067068291		False	143.0	22.111888111888117	0.369582598220659	0.9813722841382416	12214.0	12039.0	11661.0	737.0	4189	14835	0.8242977671768977	30647	12398.0
M5_3.192.filtered.fa	0.0024211778065843	0.0016417942427391		373372.0	33.0	1.0	0	0.0648774056407606	0.0001071262691163	0.0	0.0021356163227188		0.0	0.0		False					0.0	0.0	0.0	0.0	203	716	0.8972108320450547	1549	0.0
M5_3.194.filtered.fa	1.2945604818907128	0.0244830202887748	0.0139739054960968	2592123.0	94.0	6.0	0	12.054584622062558	0.0075145881541679	0.0182622506725182	0.6811698953924482	0.0118608218604064	0.2522286535130338	0.2624107482360893		False	12890.0	127.2200930954228	0.2184495330137939	0.8821502388312475	35398.0	34916.0	34020.0	1889.0	15310	25500	0.8989728346469802	54321	35909.0
M5_3.195.filtered.fa	0.1103488129996185	0.0199053435918055	0.0138802224616985	5585887.0	306.0	25.0	0	1.3474395199261855	0.0005732650710904	0.0065144532998966	0.0928414180597804	0.0101939230352414	0.2508999972519165	0.2577152436175764		False	966.0	46.68219461697723	0.177079764524865	0.9669923076340012	27259.0	27011.0	26519.0	955.0	5627	18020	0.8811577452940348	37071	27474.0
M5_3.196.filtered.fa	0.0238987772268661	0.0091131674628134	0.025222136134795	1808921.0	118.0	9.0	0	0.3262845653578775	0.0002441959715558	0.0014804405499189	0.0208815180100894	0.0	0.2475728155339785	0.2539208364451062		False					2015.0	1998.0	1949.0	87.0	267	1717	0.8854238785654829	3540	2036.0
M5_3.197.filtered.fa	0.0091373619461622	0.0040215574649411	0.0246189096017389	1001602.0	51.0	3.0	0	0.1960201087539854	0.0001968683718092	0.0006030339396287	0.008035829302926	0.0	0.301324503311257	0.3029801324503298		False					422.0	421.0	413.0	20.0	82	612	0.8974794471334469	1275	433.0
M5_3.199.filtered.fa	0.0665498646941227	0.0131347574179553	0.0185154353080091	15920964.0	704.0	54.0	0	1.2830339320129025	0.0003229850344629	0.0037653498871048	0.0570702831089063	0.0010660977667081	0.2536531660772662	0.2623273503703202		False	656.0	31.16006097560976	0.2776001820570778	0.9696292024367416	44742.0	44222.0	43256.0	1996.0	7931	19844	0.8813533033038807	41410	45252.0
M5_3.2.filtered.fa	0.0103827706197686	0.0056503338662653	0.0425995790733481	265825.0	2.0	1.0	0	0.1638670433668727	0.0003180691314526	0.0001993792908868	0.0091260886068196	0.0	0.2641509433962076	0.3207547169811147		False					39.0	36.0	34.0	5.0	14	93	0.8412138791186947	204	39.0
M5_3.20.filtered.fa	0.0480683017687395	0.0093530564781412	0.0080416448164702	2768186.0	131.0	7.0	0	0.5961018515280088	0.0003599879249052	0.0047334247048428	0.0415561606704424	0.0	0.2440662443715175	0.2468900251850717		False					9905.0	9868.0	9783.0	159.0	783	1051	0.9241012879100614	2204	9942.0
M5_3.200.filtered.fa	0.0018696159199488	0.0013091073242297	0.0	797490.0	67.0	3.0	0	0.0658904279808598	7.441142952007924e-05	1.0031473748886308e-05	0.0016495089195852	0.0	0.2499999999999382	0.2499999999999382		False					6.0	6.0	6.0	0.0	19	55	0.9191432452903392	114	6.0
M5_3.201.filtered.fa	0.0038311836683238	0.0031673744671798		507676.0	9.0	2.0	0	0.0719596385680875	0.0001011736375383	0.0	0.0033772195009896		0.0	0.0		False					0.0	0.0	0.0	0.0	8	376	0.8638372388114366	758	0.0
M5_3.202.filtered.fa	0.005118100947518	0.003360125450536	0.0	1822551.0	76.0	3.0	0	0.0967631550477682	7.197619577573542e-05	2.194725963772756e-06	0.0045090865428384	0.0	0.0	0.0		False					4.0	4.0	4.0	0.0	53	202	0.908888388959016	414	4.0
M5_3.203.filtered.fa	0.0374091997990804	0.0122387079324601	0.0247371383681701	414096.0	26.0	3.0	0	0.4487829070661772	0.0007018275421774	0.0028181870870522	0.0324927140632612	0.0	0.2365038560411309	0.2476435304198798		False					891.0	878.0	858.0	41.0	485	2821	0.884519379378127	5712	899.0
M5_3.204.filtered.fa	0.0090949929471802	0.0055353404670134	0.0	1113030.0	75.0	3.0	0	0.1478412293341129	0.0001410875396004	0.0001230874280118	0.007998717417666	0.0	0.2919708029197005	0.2919708029197005		False					97.0	97.0	97.0	0.0	45	106	0.9330855902395656	224	97.0
M5_3.205.filtered.fa	0.2809918735953598	0.0208347627079106	0.0155300623737275	1676141.0	146.0	13.0	0	3.674197515069992	0.0028630149137726	0.0114167006236348	0.2197304361980678	0.0046744897422691	0.2510451505016721	0.2593540969899664		False	1820.0	68.43076923076923	0.3901357189290819	0.9628051593216548	14332.0	14173.0	13875.0	623.0	8916	17420	0.8937682109440953	36991	14498.0
M5_3.206.filtered.fa	0.0204432170824007	0.0103352740062497	0.0151832903511174	4346087.0	175.0	11.0	0	0.2447863412913936	0.0001178945795415	0.0005563625394521	0.0178894108084747	0.0	0.25392886683209	0.2593052109181115		False					1804.0	1791.0	1766.0	47.0	488	2088	0.8893561169583157	4262	1813.0
M5_3.207.filtered.fa	0.0147525825614449	0.0072957700095358	0.019012137559744	552649.0	32.0	2.0	0	0.208692854285226	0.0002823661608102	0.0003528460198064	0.0129420523709988	0.0	0.1846153846153808	0.1999999999999962		False					159.0	156.0	154.0	5.0	35	109	0.8615151714782318	220	159.0
M5_3.209.filtered.fa	0.060505185945705	0.0177244900511583	0.0166388808715922	4357643.0	157.0	15.0	0	0.5980739826279051	0.0002875408191101	0.0043514349385665	0.0520239864314101	0.0	0.2463347748127831	0.2529269064444676		False	10.0	7.9	0.1380725546977527	1.0	14291.0	14166.0	13935.0	494.0	3805	18119	0.8654487217671178	36976	14429.0
M5_3.21.filtered.fa	0.0128276684104475	0.0099140092139742	0.0	317127.0	28.0	3.0	0	0.1540059240170389	0.0002759245083654	0.0004130837172489	0.0112629241694894	0.0	0.2442748091603051	0.2442748091603051		False					99.0	99.0	99.0	0.0	154	666	0.9033362555237292	1343	99.0
M5_3.211.filtered.fa	0.029858218961498	0.0148816162646187	0.0135980613756987	1631812.0	58.0	4.0	0	0.3040947711937704	0.0002389038587442	0.0009039031457055	0.0260202901599693	0.0	0.2393220338983048	0.2440677966101692		False					1122.0	1115.0	1104.0	24.0	455	2137	0.8546958420560387	4296	1128.0
M5_3.212.filtered.fa	0.0177345001596185	0.0061226163384967	0.0177281979918173	2731512.0	90.0	5.0	0	0.3900604517012852	0.0002367915095236	0.0007113276456409	0.0155375901878949	0.0	0.2547606793618079	0.2629953679876443		False	15.0	13.133333333333333	0.2728086532540803	0.9019128787878788	1448.0	1432.0	1397.0	69.0	253	810	0.9086426636439512	1707	1466.0
M5_3.213.filtered.fa	0.1786526067903773	0.0151639765600904	0.0139534639642473	2490112.0	112.0	15.0	0	2.0918337993748115	0.0013316191357113	0.008427733371029	0.1459369439506024	0.0128108525221998	0.2526446202230057	0.2612694177070426		False	764.0	26.337696335078533	0.469975316138289	0.9885506545892644	15684.0	15503.0	15110.0	719.0	5020	7171	0.9090306205636448	15004	15829.0
M5_3.214.filtered.fa	0.0649429397345373	0.015523020122952	0.0058813574093291	928492.0	61.0	4.0	0	0.6430156644165196	0.0006717456185159	0.0062908458015793	0.0557313965771891	0.0	0.2487587741825029	0.2511556240369798		False					4388.0	4374.0	4347.0	54.0	272	624	0.8763335802223323	1267	4401.0
M5_3.216.filtered.fa	0.0340522041170761	0.0163068907391326	0.0151955935638997	489425.0	27.0	4.0	0	0.3360939311814155	0.0004830890819573	0.0015875772590284	0.029620547888992	0.0	0.2419562419562384	0.244530244530241		False					589.0	587.0	578.0	16.0	125	453	0.883632276232193	924	594.0
M5_3.217.filtered.fa	0.0271276268490116	0.0196876345834395	0.0	227554.0	11.0	1.0	0	0.2220355750098119	0.0004677253316681	0.0002900410452024	0.0236690818049613	0.0	0.3030303030302844	0.3030303030302844		False					46.0	46.0	46.0	0.0	26	189	0.8696950289656205	392	46.0
M5_3.218.filtered.fa	0.0955049376163386	0.0302521510962928	0.012613259237244	668845.0	49.0	4.0	0	0.6911636702450736	0.0008513804961345	0.0071705701619956	0.0808728965335929	0.0	0.2708507089241031	0.2758548790658879		False					3497.0	3473.0	3442.0	76.0	8372	14158	0.9146556577858342	28987	3518.0
M5_3.219.filtered.fa	0.0669877937258174	0.0108246246502392	0.0155278958409946	5088121.0	195.0	12.0	0	0.8422057358666719	0.0003748092916235	0.0057144867427484	0.0574348353707863	0.0	0.2567065621130828	0.2631379832163983		False	21.0	13.714285714285714	0.8291927186387019	1.0	21612.0	21425.0	21056.0	739.0	41355	48373	0.8790655505871509	100793	21795.0
M5_3.22.filtered.fa	0.0051136375804622	0.0018262608927815	0.0244729833264775	5603252.0	81.0	4.0	0	0.1610140252846412	6.811964711073902e-05	0.0003447997698479	0.0045051631529972	0.0	0.2665631469979277	0.2784679089026897		False					1417.0	1394.0	1360.0	72.0	132	602	0.8783707962949885	1308	1432.0
M5_3.220.filtered.fa	0.3647557805445341	0.0359770860225927	0.0303039163438149	336214.0	25.0	1.0	0	2.3888943970427343	0.0041509094987238	0.0254451034162765	0.2753593152486376	0.0	0.2604324956165985	0.2776154295733489		False	158.0	23.417721518987346	0.2577171043866822	0.9665104130063018	6327.0	6180.0	5917.0	546.0	1818	4987	0.8520206562522622	10504	6463.0
M5_3.223.filtered.fa	0.0507257014475733	0.0190754593343375	0.0307114376321583	940056.0	83.0	7.0	0	0.5312638674887258	0.0005528437586439	0.0027636651433531	0.0438024971972548	0.0	0.2536566589684367	0.2686682063125476		False					1939.0	1900.0	1840.0	126.0	514	2090	0.9150613034555396	4338	1966.0
M5_3.224.filtered.fa	0.0384710883844316	0.0177351113417226	0.0108945133658019	4039501.0	84.0	10.0	0	0.3622529040867271	0.0001806146829257	0.0018098770120368	0.0333994697929795	0.0	0.2497606346600967	0.2523594583504264		False					5485.0	5466.0	5397.0	108.0	1165	3212	0.8938984128033517	6517	5505.0
M5_3.225.filtered.fa	0.0281456825362881	0.0051927645311403	0.0070861236395569	645321.0	51.0	1.0	0	0.4277959140930408	0.0005367953410005	0.0030527442931502	0.0245463534495993	0.0	0.2751269035532994	0.2796954314720811		False					1428.0	1419.0	1405.0	27.0	299	362	0.9336479897906	757	1432.0
M5_3.226.filtered.fa	0.0514501628583389	0.0101193153258022	0.0230348932452009	1285166.0	86.0	2.0	0	0.6775383560648655	0.0006017003348387	0.0043978754495528	0.0444139805870201	0.0	0.2508846426043877	0.2607926397735314		False	7.0	10.142857142857142	0.475985823692358	1.0	4234.0	4178.0	4083.0	213.0	286	2513	0.8709363722392314	5114	4296.0
M5_3.228.filtered.fa	0.1779847953677079	0.0298233347776421	0.0236330382811724	406192.0	31.0	3.0	0	1.283026366918415	0.0020286656313732	0.0158521093473037	0.1454331736782439	0.0	0.2380804472744215	0.2491070041931977		False	9.0	9.444444444444445	0.1835644300810504	1.0	4906.0	4835.0	4716.0	259.0	5197	8649	0.9004803667062266	17502	4975.0
M5_3.229.filtered.fa	0.0274779448013008	0.0156097094379327	0.0263561722253183	271818.0	9.0	2.0	0	0.2785847052001113	0.0005361196375565	0.0011735793803206	0.0239710442764149	0.0	0.2445141065830713	0.2539184952978048		False					241.0	238.0	236.0	8.0	49	262	0.8860592939314985	541	244.0
M5_3.23.filtered.fa	0.025347317066141	0.0115653356967073	0.0117571802882404	1526631.0	83.0	8.0	0	0.2976905720084821	0.0002422547452933	0.0011096329106378	0.0221330693838816	0.0	0.2432113341204247	0.2479338842975203		False					1282.0	1274.0	1260.0	27.0	329	1299	0.8975491964009414	2642	1287.0
M5_3.230.filtered.fa	0.1151642983005379	0.0241690574487439	0.0214052466333025	11004070.0	400.0	63.0	0	1.7001511224778063	0.0005143933070645	0.0072176022144533	0.0966905338840236	0.0093205404178859	0.248857383881243	0.2588418971834351		False	6484.0	141.62075879086984	0.1841302316413057	0.9504959205641812	59658.0	58865.0	57265.0	3176.0	11250	40612	0.8813762684950533	83590	60441.0
M5_3.232.filtered.fa	0.0258053236228609	0.0079150826267812	0.0121436812910854	1921774.0	108.0	5.0	0	0.3733228456004471	0.0002708245287442	0.0017936552372963	0.0225284581652893	0.0	0.256454888308674	0.2587757470263995		False					2563.0	2555.0	2515.0	62.0	532	751	0.9016143066805302	1516	2577.0
M5_3.233.filtered.fa	0.1130088479881308	0.0246788701959352	0.0145851035893445	2988589.0	252.0	23.0	0	1.1294130316482005	0.000658890133313	0.0072013916935383	0.0949696616211278	0.0	0.2584796951956138	0.2652169872688412		False	164.0	18.79268292682927	0.1764046049417743	0.984696132240775	15959.0	15814.0	15502.0	610.0	3371	6309	0.8919024569638787	13020	16112.0
M5_3.235.filtered.fa	0.0133215207092411	0.0054482913778755	0.0244062923344662	4795999.0	212.0	16.0	0	0.2382399828361532	0.0001092706240222	0.0007668892341303	0.01169399031351	0.0	0.2601957585644366	0.2691680261011414		False					2721.0	2688.0	2630.0	124.0	2247	5992	0.8927763803648588	12233	2754.0
M5_3.236.filtered.fa	0.0024030360308878	0.0008079894668316	0.0	477729.0	46.0	1.0	0	0.0891434000627831	0.0001302331123654	1.4652658724925592e-05	0.0021196312175841	0.0	0.2857142857142834	0.2857142857142834		False					5.0	5.0	5.0	0.0	41	140	0.897478799598348	280	5.0
M5_3.238.filtered.fa	0.0089346055600737	0.0073118673707441		261903.0	5.0	1.0	0	0.1117644030023388	0.0002188088071214	0.0	0.0078582182010519		0.0	0.0		False					0.0	0.0	0.0	0.0	12	141	0.8916856879562632	282	0.0
M5_3.239.filtered.fa	0.6229423361261706	0.0709117792015771	0.0260907282916875	202900.0	11.0	3.0	0	2.8317119438575618	0.0063208643231196	0.0489650073928043	0.423083699506435	0.0	0.2542526421741317	0.2662304982385504		False	47.0	19.02127659574468	0.3263321354198677	0.949855006105006	7409.0	7290.0	7071.0	487.0	685	4416	0.8703016844952606	9024	7558.0
M5_3.24.filtered.fa	0.1270610256481477	0.0125733173466411	0.0285980988699235	1296078.0	73.0	3.0	0	1.4982492608114095	0.0013235143796823	0.0078992159422503	0.1061299619165101	0.0	0.2438952920492283	0.2602070716936902		False	303.0	22.68976897689769	0.2597873602469596	0.9461111598817048	7741.0	7574.0	7287.0	602.0	2214	5852	-0.6713016942124096	11952	7889.0
M5_3.241.filtered.fa	0.3549714715082523	0.0280749754125394	0.014885218071643	7388929.0	306.0	50.0	0	5.05226501372246	0.0018663859352126	0.0115823281019481	0.2690716272605532	0.0048264088429178	0.2507565931690444	0.2591346210023251		False	13073.0	147.8238353859099	0.160842239163355	0.8659835179852021	64121.0	63404.0	62121.0	2646.0	65328	95731	0.8758191797594145	195123	64767.0
M5_3.242.filtered.fa	0.0600820957861687	0.0093589523249269	0.0172980145000617	11008604.0	649.0	39.0	0	1.4101825270394588	0.0004275478954743	0.0024712488522613	0.051669767227352	0.0011070390955927	0.2540709428413889	0.2610549531336146		False	363.0	34.55922865013774	0.6257773639142916	0.9932866009263068	20293.0	20103.0	19715.0	804.0	5371	12749	0.8816292639519018	26203	20519.0
M5_3.244.filtered.fa	0.0460232939984961	0.016226003959059	0.0133958431438625	325835.0	22.0	1.0	0	0.4377449260437062	0.0007721029547083	0.0029309312995841	0.0398238949665802	0.0	0.2471204188481673	0.2502617801047118		False					719.0	716.0	708.0	17.0	117	143	0.9722070659317176	293	725.0
M5_3.245.filtered.fa	0.2498244955084264	0.0362277042223921	0.0326742711013237	223641.0	8.0	2.0	0	1.650880932219762	0.0035034840293531	0.0217312567910177	0.1979585823820645	0.0	0.2421810699588477	0.2596707818930041		False	25.0	12.4	0.267507981584436	0.9885714285714288	3683.0	3598.0	3453.0	295.0	611	2368	0.9096893977562186	4855	3748.0
M5_3.246.filtered.fa	0.0031879300820379	0.0022486190266045	0.1066666642824808	3491921.0	113.0	6.0	0	0.0761505755523345	4.088377695045837e-05	8.591259653354127e-07	0.0028109840274078	0.0	-1.4802973661668756e-16	-1.4802973661668756e-16		False					3.0	3.0	3.0	0.0	117	718	0.8831680112561108	1520	3.0
M5_3.247.filtered.fa	0.1278793245039844	0.0531472946186625	0.0235045861510925	373829.0	7.0	1.0	0	0.6843642062262602	0.0011214143895434	0.0061739458415478	0.1067756014808265	0.0	0.2443674176776413	0.2534662045060642		False					1744.0	1723.0	1673.0	87.0	213	999	0.9010973526471524	2037	1760.0
M5_3.248.filtered.fa	0.2528821962472979	0.0269518023184826	0.0156154824423113	2326004.0	98.0	8.0	0	2.039459281133311	0.0013429116508014	0.0163331619378126	0.2001211332060141	0.0	0.2401358216419678	0.2491642757495196		False	743.0	24.53970390309556	0.2540097756938529	0.97535349092713	28868.0	28525.0	27908.0	1258.0	2595	3304	0.938563413039872	6822	29166.0
M5_3.249.filtered.fa	0.268583252901769	0.0574477254191048	0.0244694548531789	280777.0	20.0	3.0	0	1.4429143698950142	0.0027426876077917	0.0215331027826353	0.2111341613371923	0.0	0.2499173006946741	0.2618260006615944		False	2.0	16.5	0.46875	1.0	4535.0	4463.0	4332.0	267.0	710	2217	0.888045034749542	4618	4599.0
M5_3.25.filtered.fa	0.0029352021925986	0.0016712520989192		380553.0	30.0	1.0	0	0.0767385370999104	0.0001253884274053	0.0	0.0025884277648858		0.0	0.0		False					0.0	0.0	0.0	0.0	20	237	0.8878074918469014	481	0.0
M5_3.250.filtered.fa	0.2997363968579778	0.067051728801693	0.0194635736314873	942705.0	59.0	8.0	0	1.4301711395662886	0.0014822981331446	0.0253345426193772	0.2325387108831659	0.0	0.2659213666624795	0.2733743667043504		False					17532.0	17354.0	16956.0	800.0	2402	4045	0.906739890424199	8316	17756.0
M5_3.252.filtered.fa	0.0318504448158944	0.0107589466268772	0.0198620016999714	3553043.0	104.0	11.0	0	0.4603015060737236	0.0002449160072829	0.0019079420091453	0.0277321462403032	0.0	0.243988788906917	0.2513645080395325		False	12.0	14.333333333333334	0.4689050699745885	1.0	5125.0	5075.0	4958.0	235.0	545	1921	0.902014236263526	3992	5193.0
M5_3.253.filtered.fa	20.276800435755504	0.2997659286303144	0.0097256720439528	271712.0	2.0	1.0	0	37.52086001163247	0.0720342573654419	0.2878231362619243	0.999999983242414	0.0089404295241861	0.2573492743430725	0.2646761716002812		False	12546.0	90.815797863861	0.3281241511627372	0.9637077919917582	58079.0	57506.0	56438.0	2223.0	23934	31841	0.8534982014997543	65828	58661.0
M5_3.254.filtered.fa	0.0708395064553218	0.0140658517192263	0.0196584945028677	10489020.0	346.0	32.0	0	0.9129077033820748	0.0002828113170368	0.005021536807061	0.0606351129986267	0.0	0.2495680735129385	0.2585863188471831		False	1035.0	30.807729468599035	0.2317415339243468	0.972604196764195	39526.0	39051.0	38085.0	1948.0	8645	22866	0.9044238605290726	46999	40033.0
M5_3.256.filtered.fa	0.0003104436873235	0.0001579344584053		1658916.0	73.0	1.0	0	0.0249164360106921	1.9430922189402334e-05	0.0	0.0002740842079654		0.0	0.0		False					0.0	0.0	0.0	0.0	2	205	0.8629450656980076	412	0.0
M5_3.257.filtered.fa	0.085649592611742	0.0579495682457047	0.0	168267.0	5.0	1.0	0	0.4067401187568565	0.0009945192079963	0.0004516631306197	0.0728395009564663	0.0	0.2763157894736238	0.2763157894736238		False					55.0	55.0	55.0	0.0	65	104	0.9350378010268346	209	55.0
M5_3.259.filtered.fa	0.7113952858121563	0.0529811691711035	0.0124764043101814	594079.0	34.0	7.0	0	3.9440722441354463	0.005146630570547	0.038639642202468	0.4664284150396172	0.0121684208848422	0.2477455891962534	0.255630581572642		False	384.0	27.14583333333333	0.2890902590604072	0.9841517945061103	17268.0	17087.0	16754.0	690.0	1868	2461	0.8043112474596663	5275	17444.0
M5_3.260.filtered.fa	0.0282414338880095	0.0074273247819896	0.0070405505501187	818195.0	53.0	4.0	0	0.4540976829848771	0.0005053040092455	0.0019836347081074	0.0246288230508024	0.0	0.264941466420208	0.2680221811460244		False					1193.0	1188.0	1178.0	17.0	2541	3922	0.8740808704609621	8097	1195.0
M5_3.262.filtered.fa	0.0075529786979085	0.0061574197830154		542435.0	42.0	2.0	0	0.1023250516236998	0.0001400224004051	0.0	0.0066470898996184		0.0	0.0		False					0.0	0.0	0.0	0.0	74	444	0.8847540517953096	907	0.0
M5_3.263.filtered.fa	0.1506052405567889	0.0649722091685436	0.0154532252383154	370266.0	15.0	6.0	0	0.9651774141679624	0.0015926391208226	0.0041456682493126	0.1245212745275767	0.0	0.2547231270358264	0.2599348534201913		False	6.0	15.333333333333334	0.2187935115566694	1.0	1144.0	1136.0	1113.0	46.0	250	859	0.4211183125889819	1774	1159.0
M5_3.264.filtered.fa	0.0294125358316437	0.0072526305670139	0.0086869609518794	915392.0	52.0	1.0	0	0.4537791515139049	0.0004770044258312	0.0024787194994057	0.025636916503414	0.0	0.2415160863816657	0.2459233142353458		False					1721.0	1711.0	1693.0	37.0	634	883	0.9327168753344836	1832	1730.0
M5_3.265.filtered.fa	0.0018510315312583	0.0016927534325277		972971.0	74.0	2.0	0	0.047144281026663	4.816235697956055e-05	0.0	0.0016331258384151		0.0	0.0		False					0.0	0.0	0.0	0.0	69	507	0.9050545508944864	1025	0.0
M5_3.266.filtered.fa	0.0826374236535258	0.010610771793448	0.0227381412999202	360200.0	37.0	3.0	0	1.2124811376762503	0.0020413210704394	0.0052915047196002	0.070370207889199	0.0	0.2618048268625394	0.2696747114375656		False	45.0	23.77777777777778	0.2995846404107581	1.0	1407.0	1392.0	1352.0	80.0	1222	1629	0.921982982502178	3623	1432.0
M5_3.267.filtered.fa	0.0048839215122547	0.0038561058003306	0.0	278260.0	12.0	2.0	0	0.0915541834849892	0.0001743149417081	2.8750089844030308e-05	0.0043032172082638	0.0	0.2499999999999881	0.2499999999999881		False					6.0	6.0	6.0	0.0	22	157	0.8484865833291833	318	6.0
M5_3.268.filtered.fa	0.0253688399142944	0.0153453729211304		245025.0	11.0	3.0	0	0.2241735898356758	0.0004549237831246	0.0	0.0221516532504216		0.0	0.0		False					0.0	0.0	0.0	0.0	44	172	0.8894740611417563	356	0.0
M5_3.269.filtered.fa	0.2388591117917304	0.0458205717202654	0.0234975664307062	313440.0	28.0	4.0	0	1.3819231645292445	0.0024907037634685	0.0234430832057172	0.1901551522998179	0.0	0.2524496461622209	0.2636091453456722		False	2.0	8.5	0.0100000000000001	1.0	5493.0	5411.0	5290.0	269.0	587	897	0.9326902803564824	1890	5559.0
M5_3.27.filtered.fa	0.002453217454798	0.0017586586109713		224603.0	15.0	1.0	0	0.0623551865077141	0.0001324603031765	0.0	0.0021638465140179		0.0	0.0		False					0.0	0.0	0.0	0.0	3	10	0.9321564885496184	20	0.0
M5_3.28.filtered.fa	0.1935416729902825	0.0462845323631822	0.0195133504783129	230617.0	11.0	3.0	0	1.342174910212828	0.0028083152295339	0.0137153809129422	0.1570918619902468	0.0	0.2418589946253553	0.2516598166297815		False	26.0	28.307692307692307	0.1310274683732639	1.0	2398.0	2367.0	2315.0	108.0	712	1896	0.9160238434884956	3901	2423.0
M5_3.29.filtered.fa	0.0015090383673694	0.0015007621057568		724965.0	21.0	3.0	0	0.0391430314631424	4.610604963793407e-05	0.0	0.0013315935199147		0.0	0.0		False					0.0	0.0	0.0	0.0	5	35	0.871852650335215	71	0.0
M5_3.3.filtered.fa	0.0329521510628163	0.0073949091378795	0.0263132089433853	4459284.0	52.0	8.0	0	0.5460827648307879	0.0002589005526801	0.0026311398870311	0.0286775149359808	0.0	0.2519389755390769	0.2643825108667851		False					8777.0	8631.0	8385.0	527.0	2896	5190	0.7912615701861534	10555	8912.0
M5_3.30.filtered.fa	0.0327232981279912	0.0112492174720814	0.0069703401509332	1980760.0	108.0	3.0	0	0.3757904493116464	0.0002684793554684	0.0021239322280336	0.0284812130313765	0.0	0.2557642025196095	0.2576657951033984		False					3131.0	3123.0	3095.0	55.0	821	4602	0.8840695800036577	9350	3150.0
M5_3.31.filtered.fa	0.0981653028665534	0.0165727445833976	0.0278129626313095	777240.0	47.0	5.0	0	1.3191157982866877	0.0015053858799583	0.0068138541505841	0.0830294863078594	0.0605800002813339	0.2456570996978851	0.2583081570996979		False	627.0	39.098883572567786	0.1677044341200707	0.983331838708677	3995.0	3928.0	3796.0	259.0	428	1586	0.868583662122804	3313	4055.0
M5_3.32.filtered.fa	0.200985707802389	0.0171070918085306	0.0125561442662031	4243854.0	108.0	26.0	0	3.293932254731997	0.0016030332717894	0.0046945535826633	0.1626141976553305	0.0038138659857111	0.2555839983938159	0.2623600863323794		False	827.0	47.89117291414752	0.3238319116172217	0.9694845925644218	14831.0	14696.0	14473.0	507.0	33115	45107	0.8565369951562639	93715	14980.0
M5_3.33.filtered.fa	0.0296831625577059	0.0091341990402416	0.006334664615705	1842964.0	83.0	5.0	0	0.3885049823888517	0.0002874769593426	0.0023087808551876	0.0258697258002582	0.0	0.2420681551116332	0.2455934195064628		False					3225.0	3210.0	3191.0	47.0	250	406	0.9240845623261266	837	3238.0
M5_3.34.filtered.fa	0.0231253258556316	0.0085727574183216	0.0116591352831085	2949926.0	153.0	11.0	0	0.3123631329988274	0.0001828178288464	0.0013420675637287	0.0202125932422819	0.0	0.2510735034099516	0.2561252841626669		False					2965.0	2945.0	2904.0	78.0	433	1149	0.8756703791971603	2339	2982.0
M5_3.36.filtered.fa	0.0123658255289213	0.0075420050439551		208963.0	25.0	3.0	0	0.151996350487491	0.0003365569237966	0.0	0.0108596277793868		0.0	0.0		False					0.0	0.0	0.0	0.0	58	1048	0.9084188555277172	2114	0.0
M5_3.37.filtered.fa	0.0432030959803151	0.0100781998739936	0.0280942635983122	3898216.0	212.0	15.0	0	0.5812565168412696	0.0002960122887173	0.0036360222214469	0.0374298513393761	0.0	0.2387470015521373	0.2513052067165228		False	1.0	9.0	0.7105263157894731	1.0	10790.0	10612.0	10279.0	686.0	2845	4199	0.9009509896403944	8841	10965.0
M5_3.38.filtered.fa	0.0168484450186129	0.0087325630072426	0.0027809524536133	666471.0	35.0	3.0	0	0.2228332299938924	0.0002743989426573	0.0007877311991069	0.0147670585145798	0.0	0.2590476190476181	0.2590476190476181		False					389.0	389.0	387.0	3.0	211	290	0.9227784071504248	614	390.0
M5_3.39.filtered.fa	0.0026842327351228	0.0022975842525012		1613869.0	124.0	7.0	0	0.0586053074121652	4.649065953637184e-05	0.0	0.0023673708522703		0.0	0.0		False					0.0	0.0	0.0	0.0	85	715	0.8876568258341007	1448	0.0
M5_3.4.filtered.fa	0.0423691166052659	0.020698916605003	0.0088454803877837	3043396.0	28.0	3.0	0	0.3801554038724334	0.0002181131936661	0.0015216554138863	0.0367207499751042	0.0	0.2541567695961863	0.2565320665083004		False					3454.0	3443.0	3412.0	61.0	570	2028	0.8749695850466791	4085	3473.0
M5_3.40.filtered.fa	0.0368922879798745	0.0114027038887467	0.0081136403514417	2130635.0	23.0	6.0	0	0.4374104653897417	0.000299988127293	0.0026921551556226	0.0320510108819753	0.0	0.2498256624825635	0.2524407252440698		False					4303.0	4288.0	4257.0	62.0	347	584	0.9153789139013792	1192	4319.0
M5_3.41.filtered.fa	0.1048302751588046	0.0262700524478213	0.037586015355587	260068.0	6.0	2.0	0	0.8453234680210033	0.0016614396887256	0.0096128704800282	0.0884101655181887	0.0	0.2559999999999987	0.2679999999999987		False					1860.0	1830.0	1778.0	115.0	122	1212	0.8607083235792441	2463	1893.0
M5_3.42.filtered.fa	0.113848521331232	0.0130965122692193	0.0110315917679899	2289999.0	101.0	9.0	0	1.411984969598158	0.000937209040488	0.0071222738525213	0.0956404309830158	0.0062989614046402	0.2559166155732678	0.2613120784794603		False	164.0	24.32317073170732	0.352410780288414	0.971274184338512	12136.0	12048.0	11832.0	407.0	3142	6084	0.8757693462415205	13005	12239.0
M5_3.43.filtered.fa	0.1528980522663638	0.030213983378296	0.0253901580670697	3015094.0	111.0	8.0	0	1.1954847264914388	0.0006910324419276	0.0121296384126	0.1262919343777282	0.0	0.261019359072514	0.2708082686208024		False	158.0	26.31645569620253	0.2399660026250019	0.9608412170667529	27026.0	26668.0	25873.0	1553.0	3187	7222	0.905898009572041	14714	27426.0
M5_3.45.filtered.fa	0.0560936510313588	0.0099538446500775	0.0297330725218835	3345441.0	126.0	9.0	0	0.8098950098000918	0.0004444715671532	0.0041414569857905	0.0483240529207771	0.0	0.2571634788884871	0.2721039335979783		False	160.0	23.05	0.3072205808340327	0.9551364396768808	10292.0	10085.0	9718.0	771.0	824	3006	0.8974829955757262	6319	10489.0
M5_3.46.filtered.fa	0.0069565217391304	0.001688842325825	0.0	238625.0	15.0	1.0	0	0.245837971663174	0.000506453062729	0.0006034573074908	0.0061237814440627	0.0	0.1458333333333244	0.1458333333333244		False					123.0	123.0	123.0	0.0	11	24	0.9264863446521608	48	123.0
M5_3.47.filtered.fa	0.0218972532033212	0.0076831531838664	0.0198775847937802	5438262.0	230.0	15.0	0	0.3612380269673506	0.0001555636086457	0.0014620479851835	0.0191495471137809	0.0	0.2722927933593255	0.2802163249905668		False	7.0	15.714285714285714	0.2738523387194214	1.0	5786.0	5723.0	5595.0	264.0	546	4977	0.8949488965878566	10232	5859.0
M5_3.48.filtered.fa	0.1168873147102742	0.0260498233601631	0.0029952956362779	219656.0	25.0	1.0	0	0.8029839695812077	0.0017331508751259	0.0108852023163492	0.0980638051958168	0.0	0.2731074864073609	0.2735257214554579		False					1738.0	1737.0	1731.0	12.0	301	384	0.9217524043027192	870	1743.0
M5_3.49.filtered.fa	0.0302774835596048	0.0079226813825726	0.0156218133705518	4691341.0	248.0	12.0	0	0.4746959815712104	0.0002203307689259	0.0022157843567542	0.0263808010752153	0.0	0.2571428571428569	0.2650312650312648		False	1.0	6.0	0.2666666666666658	1.0	7722.0	7640.0	7501.0	270.0	1395	4372	0.8716831345613918	9041	7771.0
M5_3.5.filtered.fa	0.139147418965292	0.0433109126421472	0.0022255690101635	313847.0	29.0	3.0	0	0.797237562874291	0.0014364151133628	0.0099252183388721	0.1156188737325828	0.0	0.2632423756019259	0.2638844301765647		False					2295.0	2293.0	2288.0	11.0	211	252	0.937347079673095	522	2299.0
M5_3.50.filtered.fa	0.0306627466691623	0.0094990938425088	0.0246654306309231	4338098.0	127.0	15.0	0	0.4426415573805061	0.0002131462576573	0.0020094059654714	0.0267119576559565	0.0	0.250774348973267	0.2609842835837982		False	40.0	16.625	0.1894136632927717	1.0	6531.0	6442.0	6273.0	357.0	723	2534	0.8900846613318298	5225	6630.0
M5_3.51.filtered.fa	0.0041022066117918	0.0033336014514125		1007019.0	66.0	5.0	0	0.0755261162229009	7.576065545122988e-05	0.0	0.003615696010233		0.0	0.0		False					0.0	0.0	0.0	0.0	72	283	0.9088703036576206	573	0.0
M5_3.52.filtered.fa	0.0038018399744609	0.002537323952421	0.0	723597.0	34.0	4.0	0	0.0852778969802431	0.0001007253291403	5.527938894163464e-06	0.0033513961901469	0.0	0.25	0.25		False					3.0	3.0	3.0	0.0	16	329	0.8511829250982419	709	3.0
M5_3.54.filtered.fa	0.0503769205802923	0.0230075669893915	0.0143352810339684	2449455.0	121.0	15.0	0	0.421033578711516	0.0002703573113083	0.0020388208805632	0.0435079683488576	0.0	0.261914297156587	0.2679215058069674		False					3686.0	3656.0	3610.0	99.0	915	3911	0.8599856862815316	8021	3709.0
M5_3.55.filtered.fa	0.0935255619984933	0.0251654193368099	0.0172420525185693	6927999.0	223.0	36.0	0	0.9304840684634896	0.0003546561546936	0.0063380494136907	0.0792650519183498	0.0002635858300157	0.2475745843771344	0.2559325893873826		False	1192.0	28.69463087248322	0.2230047905316947	0.9335221315531852	33039.0	32672.0	31984.0	1369.0	4158	12950	0.905330681599162	26824	33353.0
M5_3.56.filtered.fa	0.0374964121068694	0.0149790877086103	0.0218404361433234	1365704.0	112.0	17.0	0	0.4165345453916704	0.0003593883817704	0.0022149748408146	0.0325672174481824	0.0	0.2426446280991731	0.2525619834710739		False					2291.0	2261.0	2207.0	107.0	949	3169	0.9021338293601082	6547	2314.0
M5_3.57.filtered.fa	0.0004582550394576	0.0003612127958077		2411321.0	81.0	2.0	0	0.0256230158313008	1.6556426531176212e-05	0.0	0.0004045573444411		0.0	0.0		False					0.0	0.0	0.0	0.0	7	94	0.869880899973794	196	0.0
M5_3.58.filtered.fa	0.0878983022160251	0.0137998847457353	0.025543161211545	2481470.0	12.0	2.0	0	1.0537652644120727	0.0006692672463772	0.006118953684711	0.0746786541280051	0.0	0.271008956796628	0.2820732349841939		False	357.0	22.428571428571427	0.1993095936766748	0.9667616428818088	11069.0	10901.0	10504.0	779.0	937	6090	0.8967025284799893	12325	11283.0
M5_3.59.filtered.fa	0.1238845165614136	0.0327761906015319	0.0204992251303706	2469445.0	110.0	14.0	0	0.8407920492960173	0.0005374427571822	0.0104302788683287	0.1036192643866737	0.0	0.255192763132352	0.2629576425825985		False					19184.0	18984.0	18606.0	783.0	2382	8151	0.8765324369574952	16491	19389.0
M5_3.6.filtered.fa	0.0241740075914304	0.0092063929389364	0.0295455499241749	813022.0	36.0	5.0	0	0.3349393629141432	0.0003731186001483	0.0018302087766382	0.0211194427074377	0.0	0.226478494623655	0.2365591397849454		False					1151.0	1136.0	1101.0	63.0	93	996	0.844359724017245	2015	1164.0
M5_3.60.filtered.fa	0.0846877481137808	0.023380912038536	0.0181143220715087	3607216.0	116.0	11.0	0	0.9218632024889488	0.0004869468609127	0.0053684059950942	0.0720517209991993	0.0	0.2679060160082604	0.2763749031758308		False	1167.0	32.335047129391604	0.1295626945135421	0.9021334870875306	14177.0	14013.0	13687.0	660.0	1356	5480	0.8791235574569526	11408	14347.0
M5_3.61.filtered.fa	0.0003056649496447	0.0003056649496447		817889.0	62.0	1.0	0	0.0176146002162839	1.9626517841549445e-05	0.0	0.0002698657302275		0.0	0.0		False					0.0	0.0	0.0	0.0	58	323	0.89977347571719	653	0.0
M5_3.62.filtered.fa	0.0537122401327082	0.0180075945585433	0.0073604479127999	1526356.0	85.0	7.0	0	0.4993350754508917	0.0004064399366138	0.0038523123045999	0.046320776738465	0.0	0.2408163265306118	0.2426870748299316		False					4464.0	4453.0	4419.0	63.0	755	3035	0.9000428948423933	6205	4482.0
M5_3.63.filtered.fa	0.1148661157968714	0.0156860650082851	0.0299512488535259	2171354.0	100.0	6.0	0	1.3019453851006704	0.0008876401298661	0.0069514229370245	0.0964526655685671	0.0	0.2559295084139391	0.2720286206439643		False	356.0	18.71067415730337	0.1742016865209051	0.9585096086984246	11231.0	10988.0	10520.0	954.0	1077	2223	0.9082825138524582	4562	11474.0
M5_3.64.filtered.fa	0.0660855485688303	0.0214271895743765	0.0238058233056888	811539.0	58.0	7.0	0	0.6103578511060335	0.0006824272674058	0.0048192385085621	0.0566836110199784	0.0	0.2485297877780606	0.2579902838148799		False					2939.0	2902.0	2846.0	130.0	360	1165	0.8752994378327916	2410	2976.0
M5_3.65.filtered.fa	0.0132967834473483	0.0053272543389432	0.0085368020156114	1475244.0	117.0	6.0	0	0.2652559399749277	0.0002201432078163	0.000610746425676	0.011672402507345	0.0	0.2497225305216421	0.2519422863485012		False					676.0	674.0	669.0	9.0	718	2060	0.919324656540057	4276	678.0
M5_3.66.filtered.fa	0.1069733277320648	0.0199909943677065	0.025960761628248	397529.0	33.0	3.0	0	0.950959344855182	0.0015209451827344	0.0090081478332398	0.0901335499129887	0.0	0.2479754258586985	0.2588662384808711		False					2693.0	2654.0	2568.0	167.0	759	2658	0.8592922623686138	5489	2735.0
M5_3.67.filtered.fa	0.1071045513896661	0.0149005678874173	0.0187457208219727	771984.0	52.0	6.0	0	1.1362341318723457	0.0013019946824711	0.0085105390785301	0.0902389704764031	0.0	0.2494672754946726	0.2599695585996955		False	19.0	11.842105263157896	0.2258134383164673	0.8720199199077315	4931.0	4862.0	4733.0	252.0	632	1563	0.9016311341415576	3216	4985.0
M5_3.68.filtered.fa	0.0378504228710831	0.0132602955408583	0.017436546193191	3134998.0	127.0	9.0	0	0.4350301959038258	0.0002466989769654	0.0024590127330224	0.0328695814568016	0.0	0.2401089635490978	0.2469840446231671		False					5858.0	5805.0	5701.0	206.0	1095	3000	0.8954673990500358	6256	5907.0
M5_3.69.filtered.fa	0.0241556753860066	0.0107177546304049	0.0064877047912703	3732125.0	128.0	12.0	0	0.3032462121050315	0.0001575113944945	0.0011685031985798	0.0211035971093442	0.0	0.2698922265535397	0.2726438890162776		False					3184.0	3172.0	3149.0	43.0	962	3377	0.9004263297142858	6906	3192.0
M5_3.7.filtered.fa	0.1823857540872066	0.0304309915379309	0.0170802976261458	1503533.0	101.0	13.0	0	2.1941244711258103	0.0018015324042874	0.0074737302074513	0.1487476159353374	0.0070530434709737	0.2452611907092636	0.2562961644567051		False	786.0	34.86895674300254	0.287174120741668	0.954187934376871	8481.0	8357.0	8160.0	439.0	29139	43848	0.8630316247460639	92938	8599.0
M5_3.70.filtered.fa	0.7878051328043828	0.0144318729471622	0.0127547835908488	3820017.0	93.0	8.0	0	8.020519350813627	0.0041136732423164	0.0117965443609282	0.501240833633011	0.0112435668096655	0.2581718926835763	0.2660497525686261		False	5576.0	66.56904591104734	0.2915249402198858	0.9618555681459076	33429.0	33074.0	32326.0	1489.0	299239	386987	0.8969991392372224	788402	33815.0
M5_3.71.filtered.fa	0.0225465518304781	0.0106544661944278	0.023758381486885	1718622.0	30.0	4.0	0	0.2826873383247253	0.0002160109287608	0.0008797746101236	0.0197117376026134	0.0	0.2301587301587291	0.2354497354497344		False					1164.0	1156.0	1137.0	37.0	228	936	0.9252643352998304	1927	1174.0
M5_3.72.filtered.fa	0.1496057618276783	0.02101075117461	0.0262358886308453	1875516.0	87.0	5.0	0	1.4368443838048737	0.0010540796771998	0.0104003378270299	0.1237482887350945	0.0	0.250487029631908	0.2638162616630778		False	261.0	19.55555555555556	0.2829383790060895	0.9434176260840172	14620.0	14360.0	13842.0	1033.0	4489	14115	0.9209883373007004	29134	14875.0
M5_3.73.filtered.fa	0.0053751117238285	0.0019137343627866	0.0058270430435305	1212812.0	70.0	2.0	0	0.1346633750383714	0.0001229912273018	0.0004551406153633	0.00473497813095	0.0	0.2753623188405792	0.2753623188405792		False					400.0	400.0	399.0	1.0	1097	1193	0.9216725903301888	2403	400.0
M5_3.74.filtered.fa	0.0018305701037462	0.0009423891650265		239816.0	18.0	1.0	0	0.0609036100896128	0.0001253110301305	0.0	0.001615087741375		0.0	0.0		False					0.0	0.0	0.0	0.0	3	7	0.950668060795726	14	0.0
M5_3.75.filtered.fa	0.0040949488131398	0.0028180897738778		355560.0	16.0	2.0	0	0.0680385684286917	0.0001146205486202	0.0	0.0036093105252426		0.0	0.0		False					0.0	0.0	0.0	0.0	27	457	0.8591362811844625	934	0.0
M5_3.76.filtered.fa	0.0174928567775136	0.0059535520221638	0.0127747329531335	4711809.0	199.0	18.0	0	0.3434102154237309	0.0001588771428362	0.0010541598778728	0.0153275119427886	0.0	0.2522649486611631	0.2583048117575996		False	1.0	27.0	0.3333333333333333	1.0	3714.0	3684.0	3634.0	107.0	1102	4991	0.8646972908446412	10140	3741.0
M5_3.77.filtered.fa	0.0330937505808133	0.0147758923284841	0.0310608118170149	753254.0	46.0	3.0	0	0.3325368585711722	0.0003855119579552	0.0013793487986787	0.0287989541005162	0.0	0.2617901828681418	0.2781520692974007		False					767.0	750.0	727.0	52.0	231	1127	0.910269705159692	2437	779.0
M5_3.78.filtered.fa	0.0113734616534548	0.0079957657592139		247506.0	11.0	3.0	0	0.1399619057967281	0.0002825899074719	0.0	0.009992506450274		0.0	0.0		False					0.0	0.0	0.0	0.0	22	57	0.9482672521252032	116	0.0
M5_3.79.filtered.fa	0.1356632233186574	0.0266732636961615	0.0205495110462394	5972385.0	186.0	21.0	0	1.533852614443968	0.0006296026354561	0.0085297582121715	0.1128938459306759	0.0036958604658876	0.2494749033233218	0.2590542370885104		False	4459.0	52.36846826642745	0.1463785033169205	0.9486113147173634	38234.0	37746.0	36759.0	1942.0	6576	23935	0.8518350674292056	49039	38701.0
M5_3.8.filtered.fa	0.1035218487627809	0.0272428348434887	0.006753011331817	433068.0	28.0	2.0	0	0.7476537398057824	0.0011435343465892	0.0090147505703492	0.0873563602212603	0.0	0.2625512295081965	0.2643442622950818		False					2879.0	2872.0	2853.0	40.0	734	833	0.9755500403558428	1738	2893.0
M5_3.80.filtered.fa	0.0104943689599192	0.0041731993524824	0.0165028688416145	2590818.0	175.0	5.0	0	0.2043821720731006	0.0001278433472627	0.000528018564021	0.0092237258334935	0.0	0.2551169590643266	0.2624269005847944		False					1019.0	1009.0	992.0	34.0	3707	5964	0.9311728071633716	12185	1026.0
M5_3.82.filtered.fa	0.1045547182494864	0.0242061975254405	0.0189548770659724	8672655.0	393.0	57.0	0	1.0469452779644517	0.0003571288566158	0.0069910540659117	0.0881883334548496	0.0	0.2494763404858895	0.2583991687420621		False	360.0	23.480555555555554	0.3532161614604767	0.9622231443612316	45505.0	44964.0	43930.0	2119.0	9030	21718	0.8830173483618221	45049	46049.0
M5_3.83.filtered.fa	0.035762024704197	0.0093117972829275	0.0165900213562365	4573231.0	93.0	10.0	0	0.7006637304539675	0.0003283092249186	0.0020278879418074	0.0310844938160252	0.0171537145681656	0.2553375026957058	0.2637481130040949		False	428.0	33.53504672897196	0.3244143777639186	0.9432100095226862	6906.0	6828.0	6695.0	283.0	1995	6529	0.8835143668621125	13249	6978.0
M5_3.84.filtered.fa	0.2958166422888766	0.0424976533141241	0.0234200369233318	3412259.0	92.0	17.0	0	3.3536546498939046	0.0018204196069085	0.0170690442900143	0.2298778151819216	0.0194694972814131	0.2515795618432798	0.2635636288716432		False	2188.0	94.41316270566728	0.193460837659764	0.9243267135866068	43591.0	42893.0	41633.0	2596.0	7253	19079	0.8814615348941985	39845	44229.0
M5_3.85.filtered.fa	0.0051478432460765	0.0024986896062652	0.0148390021589066	810825.0	23.0	2.0	0	0.130329647407317	0.0001451494381851	0.0002219961150679	0.0045352302295071	0.0	0.2666666666666616	0.2777777777777728		False					132.0	130.0	128.0	4.0	50	820	0.8805394217713896	1653	132.0
M5_3.86.filtered.fa	0.166387610163477	0.0285884005697147	0.0181527799016359	5142925.0	264.0	33.0	0	1.818179012833689	0.0008058838624857	0.0113046563968947	0.1366371805824173	0.0010732504281301	0.2487830888044167	0.2570735650767984		False	905.0	40.33370165745856	0.3682759300447042	0.9784297808761608	43675.0	43193.0	42242.0	1923.0	12644	28054	0.8980739715147615	57975	44165.0
M5_3.87.filtered.fa	0.0904166822219805	0.0248998643576629	0.0262091794784813	1848243.0	115.0	16.0	0	1.249703018904055	0.0009250103500566	0.0040313963044902	0.0767340323940083	0.0116025167978024	0.246946718561266	0.2613072070862962		False	462.0	89.37012987012987	0.2419552537324405	0.9679440568608692	5611.0	5504.0	5301.0	409.0	956	5482	0.909481341319506	11211	5710.0
M5_3.88.filtered.fa	0.3204774561214472	0.0109881952924837	0.0136060783823112	417630.0	14.0	1.0	0	3.688836868125613	0.0057273654457485	0.0095730670689366	0.2464663425429911	0.0066727492130961	0.2498749374687343	0.2606303151575788		False	282.0	37.46808510638298	0.3209713085932963	0.9848732085543912	2999.0	2956.0	2896.0	140.0	582	657	0.9690172187566888	1553	3036.0
M5_3.89.filtered.fa	0.011446290005921	0.0068523235540626	0.0168191068169407	6096910.0	79.0	16.0	0	0.1673234563823205	6.785243430263743e-05	0.0002568514214577	0.0100561692460229	0.0	0.2401021711366338	0.2445721583652418		False					1190.0	1183.0	1168.0	29.0	458	2318	0.7341182427192829	4708	1197.0
M5_3.9.filtered.fa	0.2432155762375914	0.0666941279150387	0.0313718920282036	245194.0	9.0	2.0	0	1.3686775879183308	0.0027742597044097	0.0179001117482483	0.1932644453487861	0.0	0.2672590567327403	0.2797903850535423		False	7.0	6.428571428571429	0.1327708068873479	1.0	3216.0	3161.0	3036.0	239.0	576	928	0.922398686127849	1903	3275.0
M5_3.90.filtered.fa	0.1146237825905443	0.0200468013448757	0.0218097884600202	3846898.0	194.0	11.0	0	1.1031010850397596	0.0005652769940439	0.0089126355832673	0.0962593036230146	0.0	0.2547103774135213	0.2639269672752725		False	61.0	20.49180327868853	0.1611586777837706	0.9519151522119388	25553.0	25237.0	24586.0	1315.0	2569	7478	0.8831352905661006	15163	25901.0
M5_3.91.filtered.fa	0.2440611682018948	0.0225571003336432	0.0086617045658454	3752211.0	26.0	6.0	0	2.1859362336492905	0.0011292629064269	0.0146606893908684	0.1938665758454832	0.0268355033101414	0.24684602799491	0.2515179058353026		False	764.0	42.56937172774869	0.3256655934372235	0.9886663469356012	41431.0	41174.0	40677.0	987.0	3933	5530	0.8407737405139234	12266	41664.0
M5_3.92.filtered.fa	0.1114785108395332	0.0115666371257425	0.0109663852417046	2014155.0	114.0	8.0	0	1.5612454937068765	0.0011063612656798	0.0058555572932569	0.0937458785994911	0.0053982360631952	0.2417330846192978	0.2473291504154653		False	129.0	26.984496124031008	0.4436508579000462	1.0	8943.0	8877.0	8741.0	279.0	5250	6363	0.9238398561052416	13609	9020.0
M5_3.93.filtered.fa	0.0127323461092703	0.0080212636228257	0.0639999985694885	611749.0	36.0	1.0	0	0.1583800201947421	0.0002036971720248	1.634657351299093e-05	0.0111796990708191	0.0	0.0999999999998818	0.0999999999998818		False					9.0	9.0	9.0	0.0	148	1119	0.7501018768356811	2242	9.0
M5_3.94.filtered.fa	0.5948458353661389	0.0619189796095676	0.0135470018471688	2394064.0	95.0	14.0	0	3.1162594031287867	0.0020220692971041	0.0394717935694283	0.4085918392532646	0.0031701301004614	0.262703972570848	0.2696247539630468		False	918.0	36.92483660130719	0.2866574478101239	0.9957202803016548	69673.0	69019.0	67763.0	2610.0	6415	10412	0.8531778245396601	21730	70373.0
M5_3.95.filtered.fa	0.3206513004385414	0.0216646737217384	0.0135531049008289	23525487.0	1446.0	136.0	0	4.961454804845713	0.0010292613930583	0.0075887908292822	0.2465820044968767	0.0036667381175639	0.2487593121604209	0.2554304598666888		False	10610.0	92.04297832233742	0.3645103856452567	0.9764624110914184	134119.0	132928.0	130479.0	4806.0	52205	98955	0.8840932654559837	203872	135285.0
M5_3.96.filtered.fa	0.0243589279901623	0.0055548828717761	0.0310084239499215	1271854.0	106.0	2.0	0	0.3926979814964562	0.0003511480446074	0.0024098677992914	0.0212792658886999	0.0	0.2512234910277323	0.262642740619902		False					2295.0	2260.0	2172.0	162.0	593	1481	0.9232676492505708	2984	2334.0
M5_3.97.filtered.fa	0.039681687327084	0.00815455253081	0.023768678112136	1052173.0	71.0	3.0	0	0.5866877073884703	0.0005758563624628	0.0033340524799628	0.0344321739425091	0.0	0.2391676168757124	0.2477194982896235		False					2669.0	2639.0	2572.0	129.0	245	840	0.8673649759979503	1737	2701.0
M5_3.98.filtered.fa	0.0602643710449318	0.0101639886267089	0.0149820958162075	5813269.0	278.0	24.0	0	0.9407624202237514	0.0003920637154702	0.0035996957993858	0.051822387798313	0.0	0.2388894198604601	0.2480168211793935		False	199.0	17.824120603015075	0.2595426527747138	0.9762781083884784	15927.0	15736.0	15397.0	686.0	3725	12736	0.9180387145209088	26006	16083.0
M5_3.99.filtered.fa	0.0821192446599938	0.0198891342482715	0.0193604461824904	6056875.0	370.0	48.0	0	0.9937063850111004	0.0004062591467428	0.0050070374574347	0.0699447565452345	0.0054812916781859	0.2545256701948753	0.2633956540376557		False	1092.0	30.3003663003663	0.2248385376842653	0.9745862971618348	22608.0	22339.0	21794.0	1100.0	4101	14866	0.8774083573075158	30482	22894.0
